SET session_replication_role = 'replica';

TRUNCATE TABLE "attendance_records" CASCADE;
TRUNCATE TABLE "employees" CASCADE;
TRUNCATE TABLE "teams" CASCADE;

INSERT INTO "attendance_records" ("record_id", "employee_id", "attendance_date", "status", "check_in_time", "check_out_time", "notes", "created_at", "updated_at") VALUES
('1', '84', '2025-03-02', 'Leave', '2024-04-15 20:04:36', '2024-08-21 23:17:49', 'Beate vivendum sapientia comparaverit, nihil esse prosperum nisi voluptatem, nihil asperum nisi dolorem, de quibus ante dictum est, sic amicitiam negant posse a voluptate discedere. Nam.', '2024-04-08 13:11:42', '2024-04-17 01:43:18'),
('2', '39', '2024-05-12', 'Present', '2025-04-08 11:47:51', '2025-02-03 19:51:50', 'Solum videamus, sed etiam effectrices sunt voluptatum tam amicis quam sibi, quibus non solum praesentibus fruuntur, sed etiam quid a singulis philosophiae disciplinis diceretur, persecuti sumus. Ut autem a facillimis ordiamur, prima veniat in medium Epicuri ratio, quae plerisque notissima est. Quam a nobis.', '2024-04-08 13:17:20', '2024-04-18 00:40:18'),
('3', '32', '2024-07-29', 'Absent', '2025-03-04 18:44:02', '2024-09-05 02:14:02', 'Linguam non modo non repugnantibus, verum etiam approbantibus nobis. Sic enim ab Epicuro reprehensa et correcta permulta. Nunc dicam de voluptate, a meque ei responsum, cum C. Triarius, in primis gravis et doctus adolescens, ei disputationi interesset. Nam cum ad me accedis, saluto: ''chaere,'' inquam, ''Tite!'' lictores, turma omnis chorusque: ''chaere, Tite.', '2024-04-08 13:23:44', '2024-04-09 11:29:26'),
('4', '67', '2024-11-16', 'Leave', '2024-06-17 06:08:24', '2024-12-18 17:46:14', 'Quae qualisque sit, ut tollatur error omnis imperitorum intellegaturque.', '2024-04-08 13:33:00', '2024-04-10 03:09:05'),
('5', '29', '2024-07-28', 'Present', '2024-10-07 05:25:50', '2024-08-23 21:40:09', 'Et animi et molestiam dolor afferat, eorum tamen utrumque et ortum esse e corpore et ad eos cum suavitate afflueret et illaberetur, nec manus esse contenta posset nec ulla pars vacuitate doloris sine iucundo motu voluptatis. Sin autem summa voluptas est, ut omne, quo.', '2024-04-08 13:41:44', '2024-04-12 10:12:52'),
('6', '11', '2024-09-02', 'Absent', '2024-05-20 13:13:28', '2024-10-05 08:49:08', 'Sive aliae declinabunt, aliae suo nutu recte ferentur, primum erit hoc.', '2024-04-08 13:47:11', '2024-04-12 06:11:01'),
('7', '9', '2024-07-08', 'Absent', '2024-06-14 16:50:18', '2025-04-05 00:30:43', 'Si id non faciant, incidant in maiorem. Ex quo intellegitur nec intemperantiam propter se ipsos penitus perdiderunt, sic robustus animus et excelsus omni est liber cura et angore, cum et mortem contemnit, qua qui est imbutus quietus esse numquam potest. Praeterea bona.', '2024-04-08 13:51:02', '2024-04-17 00:30:57'),
('8', '45', '2024-06-27', 'Absent', '2025-01-15 01:14:47', '2024-09-18 04:47:20', 'Corporis gravioribus morbis vitae iucunditas impeditur, quanto magis animi morbis impediri necesse est!', '2024-04-08 13:58:05', '2024-04-18 12:31:38'),
('9', '42', '2024-12-19', 'Leave', '2024-07-13 16:53:01', '2024-06-19 00:00:55', 'Placet, nihil dolere, primum tibi recte, Chrysippe, concessum est nihil ad iucunde vivendum reperiri posse, quod coniunctione tali sit aptius. Quibus ex omnibus iudicari potest non modo non.', '2024-04-08 14:05:38', '2024-04-12 13:08:41'),
('10', '22', '2024-07-14', 'Leave', '2024-09-25 01:15:45', '2024-09-29 16:42:56', 'Locum petentium sine causa eripuit atomis nec tamen id, cuius causa haec finxerat, assecutus est. Nam si omnes veri erunt, ut Epicuri ratio docet, tum denique.', '2024-04-08 14:11:55', '2024-04-17 01:32:02'),
('11', '26', '2025-01-05', 'Present', '2025-02-21 09:25:00', '2024-08-29 20:30:17', 'Tollit definitiones, nihil de dividendo ac partiendo docet, non quo modo efficiatur concludaturque ratio tradit, non qua via captiosa solvantur ambigua distinguantur.', '2024-04-08 14:13:01', '2024-04-16 05:57:25'),
('12', '58', '2025-03-09', 'Present', '2025-03-29 19:51:05', '2024-05-16 11:53:46', 'Derigatur ad voluptatem, voluptas autem est sola, quae nos vocet ad se et Consentinis et Siculis scribere. Facete is quidem, sicut alia.', '2024-04-08 14:21:12', '2024-04-12 07:32:28'),
('13', '37', '2024-04-13', 'Present', '2024-04-27 19:38:04', '2024-10-03 08:54:36', 'Meis corrupisti nec segniorem ad respondendum reddidisti. Quorum facta quem ad modum eae semper voluptatibus inhaererent, eadem de amicitia dicenda sunt. Praeclare enim Epicurus his paene verbis: ''Eadem'', inquit, ''scientia confirmavit animum, ne quod aut sempiternum aut diuturnum timeret malum, quae perspexit in hoc ipso vitae spatio amicitiae praesidium esse firmissimum.'' Sunt.', '2024-04-08 14:27:11', '2024-04-14 18:25:49'),
('14', '91', '2024-12-03', 'Present', '2025-02-22 05:37:54', '2024-08-11 02:26:44', 'Omnesque et metus plena sit, ratio ipsa monet amicitias comparare, quibus partis confirmatur animus et a formidinum terrore vindicet et ipsius fortunae modice ferre.', '2024-04-08 14:34:09', '2024-04-14 14:44:30'),
('15', '20', '2024-12-30', 'Absent', '2024-05-17 01:07:53', '2025-03-28 07:32:47', 'Tempus est ullum, quo non plus habeat sapiens, quod gaudeat.', '2024-04-08 14:39:56', '2024-04-10 20:09:55'),
('16', '87', '2025-01-24', 'WFH', '2024-09-04 01:06:24', '2024-09-05 22:28:48', 'Putant. Quae autem tanta ex improbis factis ad minuendas vitae molestias accessio potest fieri, quanta ad augendas, cum.', '2024-04-08 14:49:51', '2024-04-14 07:47:28'),
('17', '98', '2024-07-13', 'WFH', '2024-09-01 05:18:16', '2024-06-07 15:00:50', 'Etiam indoctum fuisse. Fieri, inquam, Triari, nullo pacto potest, ut propemodum iustioribus utamur illis, qui omnino avocent a philosophia, quam his, qui rebus infinitis modum constituant in reque eo meliore, quo maior sit.', '2024-04-08 14:51:44', '2024-04-18 11:19:52'),
('18', '40', '2025-03-14', 'WFH', '2025-03-23 16:25:15', '2025-01-01 20:10:30', 'Imperitorum intellegaturque ea, quae hoc non minus declarant, sed videntur leviora, veniamus. Quid tibi, Torquate, quid huic Triario litterae, quid historiae cognitioque.', '2024-04-08 14:53:39', '2024-04-13 05:56:16'),
('19', '48', '2025-03-29', 'Absent', '2024-08-20 15:36:46', '2025-01-25 06:14:51', 'Efficere possit, quod conetur, nec optinere, si effecerit, et.', '2024-04-08 15:01:48', '2024-04-16 12:05:52'),
('20', '30', '2024-05-22', 'Leave', '2024-10-11 20:24:55', '2024-10-14 08:42:03', 'Voluptatibus, sic amicitiae non posse reperiri. Quapropter si ea, quae dicta sunt ab iis quos probamus, eisque nostrum.', '2024-04-08 15:03:09', '2024-04-17 20:42:59'),
('21', '38', '2024-08-31', 'Leave', '2024-10-27 18:30:25', '2024-05-18 02:25:54', 'Vult, et dicit plane, quod intellegam; et tamen ego a.', '2024-04-08 15:06:00', '2024-04-09 00:12:58'),
('22', '36', '2024-06-21', 'Absent', '2024-08-25 02:29:37', '2024-11-05 13:46:40', 'Umquam controversia, quid ego intellegerem, sed.', '2024-04-08 15:14:08', '2024-04-10 16:49:33'),
('23', '64', '2025-02-08', 'Leave', '2024-07-12 12:45:14', '2024-06-19 04:24:45', 'Praesidium, in quo admirer, cur in gravissimis rebus non delectet eos sermo patrius, cum idem fabellas Latinas ad verbum e.', '2024-04-08 15:19:42', '2024-04-17 19:06:09'),
('24', '1', '2025-02-03', 'Absent', '2024-08-29 08:10:31', '2024-08-01 00:51:24', 'Faciendum, ii voluptatem maximam adipiscuntur praetermittenda voluptate. Idem etiam dolorem saepe perpetiuntur, ne, si amicitiam propter nostram voluptatem expetendam putemus, tota amicitia quasi claudicare videatur. Itaque.', '2024-04-08 15:29:21', '2024-04-09 16:10:27'),
('25', '46', '2024-09-09', 'Absent', '2024-10-29 13:32:12', '2024-04-20 07:28:11', 'Tenere possumus neque vero ipsam amicitiam tueri.', '2024-04-08 15:38:20', '2024-04-15 07:02:16'),
('26', '76', '2024-08-27', 'WFH', '2024-06-25 21:14:07', '2025-02-11 13:35:44', 'Tranquillat animos, tum spe nihil earum rerum.', '2024-04-08 15:39:27', '2024-04-11 16:59:28'),
('27', '35', '2024-07-29', 'Present', '2024-12-25 02:07:44', '2025-03-30 01:06:40', 'Sed locupletiorem etiam esse quam Graecam. Quando enim nobis, vel dicam aut oratoribus bonis aut poetis, postea quidem quam fuit quem imitarentur, ullus orationis vel copiosae vel elegantis ornatus defuit? Ego vero, quoniam.', '2024-04-08 15:43:45', '2024-04-09 14:49:59'),
('28', '19', '2024-07-03', 'Leave', '2025-01-30 08:04:53', '2025-01-03 13:54:49', 'Ipse dissidens secumque discordans gustare partem ullam liquidae voluptatis et.', '2024-04-08 15:52:24', '2024-04-17 09:56:57'),
('29', '55', '2024-04-21', 'Present', '2024-04-23 20:44:09', '2024-07-24 06:33:04', '-- Ita credo. -- ''Non est igitur voluptas bonum.'' Hoc ne statuam quidem.', '2024-04-08 15:56:36', '2024-04-14 09:53:30'),
('30', '90', '2024-07-29', 'WFH', '2024-11-15 12:13:34', '2024-04-29 04:08:16', 'Haec uberiora certe sunt. Quamquam id quidem facio provocatus gratissimo mihi libro, quem ad modum eae semper voluptatibus inhaererent, eadem de amicitia disputatum. Alii cum eas voluptates, quae ad amicos.', '2024-04-08 16:04:25', '2024-04-12 21:12:50'),
('31', '74', '2025-03-23', 'WFH', '2025-02-11 19:19:35', '2024-06-28 05:16:52', 'Si aliquod aeternum et infinitum impendere malum nobis opinemur. Quod idem licet transferre in voluptatem, ut ea maior sit, si nihil efficeret; nunc expetitur.', '2024-04-08 16:12:17', '2024-04-17 00:00:10'),
('32', '72', '2025-03-25', 'Absent', '2025-03-08 17:04:03', '2024-05-03 03:32:18', 'Qui sit finis, quid extremum, quid ultimum, quo sint omnia bene vivendi recteque faciendi consilia referenda, quid sequatur natura ut summum ex rebus expetendis, quid fugiat ut extremum malorum? Qua de re cum sit inter doctissimos summa dissensio, quis alienum putet eius esse dignitatis, quam mihi quisque tribuat, quid in omni munere vitae optimum et verissimum.', '2024-04-08 16:20:30', '2024-04-16 20:29:02'),
('33', '83', '2024-12-05', 'Leave', '2024-05-26 13:07:58', '2024-12-16 13:45:25', 'Quos omnis dicendum breviter existimo. Quamquam philosophiae quidem vituperatoribus.', '2024-04-08 16:22:35', '2024-04-16 09:02:28'),
('34', '61', '2024-10-12', 'WFH', '2024-08-20 08:21:35', '2024-10-26 19:09:35', '-- ''At, si voluptas esset bonum, fuisse desideraturam. Idcirco enim non desideraret, quia, quod dolore caret, id in voluptate aut in dolore. Omnis autem.', '2024-04-08 16:32:26', '2024-04-13 16:27:04'),
('35', '77', '2024-07-24', 'Present', '2024-11-08 08:10:35', '2025-01-24 22:24:57', 'Se, ut Plato, in musicis, geometria, numeris.', '2024-04-08 16:34:30', '2024-04-13 02:40:22'),
('36', '59', '2025-03-01', 'Present', '2024-12-20 14:09:32', '2024-11-06 05:50:23', 'Nullam omnino fore. De qua omne certamen est? Tuo vero id quidem, inquam, arbitratu. Sic faciam igitur, inquit: unam rem explicabo, eamque maximam, de physicis alias, et quidem.', '2024-04-08 16:42:07', '2024-04-14 08:30:31'),
('37', '62', '2024-07-10', 'Present', '2024-10-09 23:24:23', '2024-06-28 01:59:41', 'Ex quo vitam amarissimam necesse est in voluptate velit esse, quam nihil praetermittatur quod vitam adiuvet, quo facilius id, quod.', '2024-04-08 16:49:26', '2024-04-15 20:44:32'),
('38', '41', '2024-09-26', 'WFH', '2024-08-07 18:37:36', '2024-10-22 01:51:21', 'Vero quisquam stultus non horum morborum aliquo laborat, nemo igitur est non miser. Accedit etiam mors, quae quasi saxum Tantalo semper impendet, tum superstitio, qua qui est imbutus quietus esse numquam potest. Praeterea.', '2024-04-08 16:51:13', '2024-04-11 04:27:59'),
('39', '28', '2024-12-14', 'Present', '2024-12-06 05:52:06', '2024-12-01 07:45:57', 'Epicurum paene e philosophorum choro sustulisti. Quid ei.', '2024-04-08 16:59:40', '2024-04-14 14:14:49'),
('40', '81', '2024-10-26', 'Leave', '2024-06-15 23:57:49', '2025-03-03 10:26:48', 'Breviter existimo. Quamquam philosophiae quidem vituperatoribus satis responsum est eo libro, quo.', '2024-04-08 17:08:36', '2024-04-13 14:53:52'),
('41', '49', '2025-01-18', 'Leave', '2024-09-15 15:25:07', '2024-08-16 21:32:06', 'Sed intus etiam in animis inclusae inter se cohaerescant, ex quo vitam amarissimam necesse.', '2024-04-08 17:15:24', '2024-04-16 09:18:46'),
('42', '66', '2025-04-04', 'WFH', '2024-07-20 17:21:03', '2024-10-30 01:17:28', 'Huic pedalis fortasse; tantum enim esse omnino in nostris poetis aut inertissimae segnitiae est aut fastidii delicatissimi. Mihi quidem depravare videatur. Ille atomos quas appellat, id est voluptatem et dolorem. Ad haec et quae fugiamus refert omnia. Quod quamquam.', '2024-04-08 17:22:11', '2024-04-15 07:46:45'),
('43', '69', '2024-12-31', 'Present', '2024-11-05 19:34:30', '2024-05-12 23:10:41', 'Consequatur, vel illum, qui dolorem ipsum, quia dolor sit, amet, consectetur, adipisci velit, sed quia consequuntur magni dolores eos, qui ratione voluptatem sequi nesciunt, neque porro quisquam est, qui alienae modum statuat industriae? Nam ut Terentianus Chremes non inhumanus, qui novum vicinum non vult.', '2024-04-08 17:28:27', '2024-04-16 20:21:33'),
('44', '60', '2024-05-03', 'Present', '2024-05-15 10:39:36', '2024-07-28 20:47:56', 'Ornateque dictas quis non legat? Nisi qui se Latina scripta dicunt contemnere. In quibus nulla solida utilitas omnisque puerilis est delectatio, aut se, ut Plato, in musicis, geometria, numeris, astris contereret, quae et splendide dicta sint neque sint conversa de.', '2024-04-08 17:31:47', '2024-04-12 03:26:12'),
('45', '53', '2024-09-18', 'Absent', '2025-02-22 13:49:31', '2024-11-14 10:20:19', 'Municipem Ponti, Tritani, centurionum, praeclarorum hominum ac primorum signiferumque, maluisti dici. Graece ergo praetor Athenis, id quod maluisti, te, cum ad me de virtute misisti. Sed ex eo perciperet corpore voluptatem, aut cum Latinis tertio consulatu conflixisse apud Veserim propter voluptatem; quod vero securi percussit filium, privavisse se etiam videtur multis voluptatibus.', '2024-04-08 17:33:50', '2024-04-16 07:19:45'),
('46', '10', '2025-01-03', 'Absent', '2024-10-16 13:17:53', '2024-07-04 23:02:33', 'Tam multis tamque variis ab ultima antiquitate repetitis tria vix amicorum paria reperiuntur, ut ad Orestem pervenias profectus a Theseo. At vero Epicurus una in domo, et.', '2024-04-08 17:42:34', '2024-04-12 14:43:42'),
('47', '85', '2024-12-24', 'WFH', '2024-05-25 03:11:43', '2024-12-24 18:59:33', 'Sed animo etiam ac ratione intellegi posse et voluptatem pleniorem efficit. Itaque.', '2024-04-08 17:52:13', '2024-04-15 09:54:04'),
('48', '12', '2024-07-10', 'Present', '2024-06-08 16:19:32', '2024-08-24 04:20:16', 'Est praetore salutatus Athenis Albucius. Quem quidem locum comit multa venustate et omni sale idem Lucilius, apud quem praeclare Scaevola: Graecum te, Albuci, quam Romanum atque Sabinum, municipem Ponti, Tritani, centurionum, praeclarorum hominum ac primorum signiferumque, maluisti dici. Graece ergo praetor Athenis, id quod maluisti, te, cum ad.', '2024-04-08 17:55:57', '2024-04-12 15:19:20'),
('49', '57', '2025-03-22', 'WFH', '2024-07-05 16:48:42', '2024-07-22 03:00:31', 'Esse censet, quantus videtur, vel paulo aut maiorem aut minorem. Ita, quae mutat, ea corrumpit, quae sequitur sunt tota Democriti, atomi, inane, imagines, quae eidola nominant.', '2024-04-08 18:05:50', '2024-04-18 11:51:43'),
('50', '73', '2025-02-13', 'WFH', '2024-05-30 18:38:47', '2024-05-17 18:11:12', 'Et refugiendi et omnino rerum gerendarum initia proficiscuntur aut a voluptate aut a dolore. Quod cum ita esset affecta, secundum non recte, si voluptas summum sit bonum, affirmatis nullam omnino fore. De qua Epicurus quidem ita dicit, omnium rerum, quas.', '2024-04-08 18:12:35', '2024-04-18 03:44:15'),
('51', '88', '2024-09-12', 'Present', '2024-12-07 10:28:35', '2024-08-28 02:45:23', 'Romano locatus sum, debeo profecto, quantumcumque possum, in eo non arbitrantur. Erunt etiam, et ii quidem eruditi Graecis litteris, contemnentes Latinas, qui se plane Graecum dici velit, ut a Scaevola.', '2024-04-08 18:20:24', '2024-04-14 22:15:09'),
('52', '7', '2024-08-17', 'Present', '2024-06-15 10:10:07', '2025-02-23 12:23:40', 'Insequitur, dein sermo atque fama, tum accusator.', '2024-04-08 18:21:27', '2024-04-18 14:28:09'),
('53', '34', '2025-03-18', 'Present', '2025-02-03 03:13:07', '2024-04-20 20:16:54', 'A sensibus; qui si omnes veri erunt, ut Epicuri ratio docet, tum denique poterit.', '2024-04-08 18:23:15', '2024-04-10 08:21:48'),
('54', '82', '2024-07-25', 'Absent', '2024-10-02 08:47:50', '2024-10-24 12:01:57', 'Sibi conciliant et, quod aptissimum est.', '2024-04-08 18:29:09', '2024-04-11 01:19:12'),
('55', '97', '2024-05-22', 'Absent', '2024-04-21 22:56:44', '2024-11-11 16:18:41', 'Torquatus, is qui consul cum.', '2024-04-08 18:33:04', '2024-04-18 02:56:54'),
('56', '14', '2024-09-08', 'Present', '2024-12-05 19:47:39', '2024-04-24 08:29:46', 'Sibi fidem sensibus confirmat, id est corpora individua propter soliditatem, censet in.', '2024-04-08 18:42:21', '2024-04-17 05:31:50'),
('57', '17', '2024-08-20', 'Absent', '2024-09-12 15:31:04', '2024-08-19 10:11:20', 'Ut enim ad minima veniam, quis nostrum exercitationem ullam corporis suscipit laboriosam, nisi ut aliquip ex ea commodo consequat. Duis aute irure dolor in.', '2024-04-08 18:43:50', '2024-04-12 17:11:38'),
('58', '44', '2024-06-06', 'WFH', '2024-09-18 00:33:43', '2024-09-18 04:05:04', 'Antiquis, ad arbitrium suum scribere? Quodsi Graeci.', '2024-04-08 18:51:50', '2024-04-15 16:44:23'),
('59', '8', '2024-11-29', 'WFH', '2024-08-15 19:34:57', '2024-05-02 12:32:37', 'Autem, qui dicant foedus esse quoddam sapientium, ut ne minus amicos quam se ipsos penitus perdiderunt, sic robustus animus et a formidinum terrore vindicet et ipsius fortunae modice ferre doceat iniurias et.', '2024-04-08 18:55:01', '2024-04-17 23:21:27'),
('60', '52', '2024-08-28', 'Absent', '2025-01-15 21:05:32', '2025-03-26 13:41:12', 'Atque extremum bonorum omnium, beateque vivere nihil aliud sit nisi cum voluptate vivere.', '2024-04-08 19:02:19', '2024-04-12 19:41:32'),
('61', '3', '2024-08-24', 'Absent', '2024-12-18 16:54:13', '2025-04-01 17:56:20', 'Quidem eruditi Graecis litteris, contemnentes Latinas, qui se Latina scripta dicunt contemnere. In quibus hoc primum est in voluptate esse aut in liberos atque.', '2024-04-08 19:03:45', '2024-04-12 05:19:36'),
('62', '4', '2024-08-26', 'Absent', '2025-03-30 11:52:45', '2024-10-07 16:34:59', 'Aliquando otiosum, certe audiam, quid sit, quod Epicurum nostrum non tu quidem oderis, ut fere faciunt, qui ab eo et gravissimas res consilio ipsius et ratione administrari neque maiorem voluptatem ex hoc percipiatur.', '2024-04-08 19:07:49', '2024-04-10 08:41:14'),
('63', '99', '2025-02-21', 'Absent', '2024-05-24 03:38:40', '2024-08-21 15:43:42', 'Has optari, quia voluptatem. Iustitia restat, ut de omni virtute sit.', '2024-04-08 19:09:21', '2024-04-14 01:51:55'),
('64', '23', '2024-12-31', 'Present', '2025-01-02 06:12:59', '2024-05-13 08:05:14', 'Esse fugiendum. Itaque aiunt hanc quasi naturalem atque insitam in animis inclusae inter se dissident atque discordant, ex quo intellegitur.', '2024-04-08 19:13:26', '2024-04-18 00:11:33'),
('65', '56', '2024-09-13', 'Absent', '2024-11-21 01:55:09', '2025-02-26 12:43:51', 'Quibusdam usu venire; ut abhorreant a Latinis, quod inciderint in inculta quaedam et quasi architecto beatae vitae disciplinam iuvaret. An ille tempus aut in dolore, sed in his.', '2024-04-08 19:17:50', '2024-04-12 21:50:44'),
('66', '54', '2024-06-21', 'Leave', '2024-10-24 16:38:21', '2024-06-19 07:26:43', 'Successerit, at contra gaudere nosmet omittendis doloribus, etiamsi voluptas ea, quae dicta sunt ab.', '2024-04-08 19:22:56', '2024-04-16 11:49:28'),
('67', '18', '2024-12-10', 'WFH', '2024-04-29 14:02:15', '2024-10-05 11:15:46', 'Nisi dolorem, de quibus et ab antiquis, ad arbitrium suum scribere? Quodsi Graeci leguntur a Graecis isdem de rebus alia ratione compositis, quid est, quod huc possit, quod melius sit.', '2024-04-08 19:25:08', '2024-04-09 08:28:21'),
('68', '70', '2024-05-07', 'Leave', '2024-06-18 21:07:35', '2024-11-20 12:41:24', 'Locus; sed ita sentio et saepe disserui, Latinam linguam non modo numquam nocet cuiquam, sed contra semper afficit cum vi sua atque natura, quod tranquillat animos, tum spe nihil earum.', '2024-04-08 19:30:08', '2024-04-11 06:37:14'),
('69', '33', '2025-01-02', 'Present', '2024-08-14 07:38:50', '2024-11-06 19:43:11', 'Migrare de vita. His rebus instructus semper est in quo a populo Romano locatus sum, debeo profecto, quantumcumque possum, in.', '2024-04-08 19:39:13', '2024-04-12 00:22:00'),
('70', '21', '2025-03-29', 'Absent', '2024-12-12 12:38:55', '2024-05-31 16:19:57', 'Sentiamus. Alii autem, quibus ego assentior, cum a philosophis compluribus permulta dicantur, cur nec voluptas in bonis sit numeranda nec in malis dolor, non existimant oportere nimium.', '2024-04-08 19:41:43', '2024-04-13 07:58:32'),
('71', '16', '2024-12-26', 'WFH', '2024-10-23 21:24:23', '2024-11-13 14:25:13', 'Quidam e nostris, et scribentur fortasse plura, si vita suppetet; et tamen, qui diligenter haec, quae vitam omnem perturbari videmus.', '2024-04-08 19:46:27', '2024-04-09 08:35:32'),
('72', '27', '2024-05-18', 'Present', '2024-04-09 23:00:35', '2024-07-27 17:35:16', 'Intellegentium nihil dolendum esse animo, quod sit a dolore corporis praesenti futurove seiunctum. Nec vero quisquam stultus non.', '2024-04-08 19:55:46', '2024-04-15 09:52:35'),
('73', '75', '2025-01-02', 'Leave', '2025-03-22 14:53:01', '2025-03-28 07:22:36', 'Sua atque natura, quod tranquillat.', '2024-04-08 19:58:51', '2024-04-09 05:43:34'),
('74', '65', '2025-02-14', 'WFH', '2024-08-01 05:22:18', '2024-10-15 01:52:58', 'Puerilis est delectatio, aut se, ut Plato, in musicis, geometria, numeris, astris contereret, quae et terroribus cupiditatibusque detractis et omnium falsarum.', '2024-04-08 20:07:20', '2024-04-18 06:41:57'),
('75', '93', '2024-11-04', 'Present', '2024-09-07 01:05:42', '2024-12-05 02:44:31', 'Quarum summum erat in utroque studium.', '2024-04-08 20:15:01', '2024-04-12 12:44:30'),
('76', '6', '2024-08-25', 'Leave', '2024-06-01 13:37:30', '2024-12-01 07:15:29', 'Quam magnos quantaque amoris conspiratione consentientis tenuit amicorum greges! Quod fit etiam nunc ab Epicureis. Sed ad rem redeamus; de hominibus dici non necesse est. Tribus.', '2024-04-08 20:20:05', '2024-04-11 03:50:56'),
('77', '13', '2024-06-15', 'WFH', '2025-03-13 15:27:57', '2024-06-25 01:08:56', 'Possit, ut ab ea nullo modo poterimus sensuum iudicia defendere. Quicquid porro animo cernimus.', '2024-04-08 20:22:29', '2024-04-18 11:45:45'),
('78', '2', '2025-03-25', 'Absent', '2024-11-05 18:17:06', '2025-02-24 14:04:29', 'Praesertim cum omnino nulla sit utilitas ex amicitia, tamen ipsi amici propter se ipsos diligant. Quod et posse fieri intellegimus et saepe disserui, Latinam linguam non modo fautrices.', '2024-04-08 20:32:21', '2024-04-09 13:07:20'),
('79', '92', '2024-07-26', 'Present', '2024-11-11 16:12:56', '2024-06-22 01:07:24', 'Melius liberiusque defenditur, tamen eius modi esse iudico, ut nihil homine videatur.', '2024-04-08 20:36:18', '2024-04-15 17:03:21'),
('80', '31', '2024-11-01', 'Leave', '2025-01-28 08:10:16', '2024-12-25 04:06:52', 'Omnesque partes mundi, quaeque in.', '2024-04-08 20:38:07', '2024-04-14 01:19:02'),
('81', '78', '2025-02-04', 'Leave', '2024-10-30 15:05:31', '2024-12-03 15:08:17', 'Et declinationem istam atomorum et magnitudinem solis probabo et.', '2024-04-08 20:41:21', '2024-04-11 12:57:11'),
('82', '96', '2024-09-02', 'Present', '2024-10-28 11:33:29', '2025-01-27 07:28:29', 'Quibusdam, et iis quidem non admodum indoctis, totum hoc displicet.', '2024-04-08 20:47:49', '2024-04-16 19:14:22'),
('83', '89', '2024-11-25', 'Present', '2024-07-07 14:24:05', '2024-10-14 01:36:25', 'Ego assentior, cum a philosophis compluribus permulta dicantur, cur nec voluptas in bonis sit numeranda nec in malis dolor, non existimant oportere.', '2024-04-08 20:57:43', '2024-04-11 21:08:03'),
('84', '86', '2024-04-17', 'Present', '2024-11-29 21:37:39', '2024-08-12 13:26:15', 'Semper afficit cum vi sua atque natura, quod tranquillat animos, tum spe nihil earum rerum.', '2024-04-08 21:07:31', '2024-04-08 23:11:41'),
('85', '68', '2024-09-30', 'Absent', '2024-11-11 05:55:37', '2024-06-01 03:53:57', 'Magnus videtur, quippe homini erudito in geometriaque perfecto, huic pedalis.', '2024-04-08 21:10:42', '2024-04-12 22:39:28'),
('86', '95', '2024-08-15', 'WFH', '2025-02-28 08:48:31', '2025-02-12 19:11:54', 'Ego autem mirari satis non queo unde hoc sit tam insolens.', '2024-04-08 21:13:54', '2024-04-10 14:21:41'),
('87', '100', '2024-12-31', 'Leave', '2024-07-02 13:20:39', '2024-09-17 10:15:48', 'Et sine metu vivere. Quae est enim contra Cyrenaicos satis acute, nihil ad Epicurum. Nam si dicent ab illis has res esse tractatas, ne ipsos quidem Graecos est.', '2024-04-08 21:20:05', '2024-04-13 04:12:09'),
('88', '5', '2024-10-15', 'Absent', '2024-09-23 01:59:01', '2024-09-10 23:33:13', 'Esse docui cum voluptate, ut ab Homero Ennius, Afranius a.', '2024-04-08 21:29:08', '2024-04-14 15:47:41'),
('89', '50', '2024-08-16', 'Leave', '2024-06-25 08:31:42', '2024-06-28 19:17:10', 'Tollatur error omnis imperitorum intellegaturque ea, quae sensum moveat, nulla successerit, eoque intellegi potest quanta voluptas sit non dolere. Sed ut iis bonis erigimur, quae expectamus, sic.', '2024-04-08 21:31:53', '2024-04-11 07:07:41'),
('90', '94', '2024-08-27', 'WFH', '2024-05-29 10:18:10', '2024-10-19 13:28:14', 'Ea causa est, quod huc possit, quod conetur, nec optinere, si effecerit, et opes vel fortunae vel ingenii liberalitati magis conveniunt, qua qui utuntur.', '2024-04-08 21:38:54', '2024-04-17 15:54:05'),
('91', '15', '2024-08-03', 'Absent', '2025-02-23 15:58:28', '2024-07-31 17:28:50', 'Propemodum iustioribus utamur illis, qui omnino avocent a philosophia, quam his, qui rebus infinitis.', '2024-04-08 21:44:38', '2024-04-09 20:46:02'),
('92', '24', '2024-05-25', 'Present', '2024-10-04 17:14:20', '2024-10-16 08:22:11', 'Tanta ex improbis factis ad minuendas vitae molestias accessio potest fieri, quanta ad augendas, cum conscientia factorum, tum poena legum odioque.', '2024-04-08 21:46:26', '2024-04-10 06:23:34'),
('93', '47', '2024-08-22', 'Present', '2024-08-13 12:05:32', '2024-08-20 20:23:23', 'Igitur neque stultorum quisquam beatus neque sapientium non beatus. Multoque hoc melius nos veriusque quam Stoici. Illi enim negant esse.', '2024-04-08 21:52:22', '2024-04-16 15:06:49'),
('94', '71', '2025-04-05', 'Present', '2025-02-24 08:13:08', '2025-01-11 13:28:44', 'Lucilius, apud quem praeclare Scaevola: Graecum te, Albuci, quam Romanum atque Sabinum, municipem Ponti, Tritani, centurionum, praeclarorum hominum.', '2024-04-08 21:59:06', '2024-04-16 01:04:43'),
('95', '43', '2024-10-13', 'Absent', '2025-01-27 11:48:30', '2024-07-10 01:15:14', 'Potest fieri, quanta ad augendas, cum conscientia factorum, tum poena legum odioque civium? Et tamen ego a philosopho, si afferat eloquentiam, non asperner, si non habeat, non.', '2024-04-08 22:01:26', '2024-04-11 00:20:45'),
('96', '79', '2024-04-27', 'Leave', '2024-12-18 07:38:02', '2024-07-09 23:51:59', 'Paulo contra vestra convicia, sed tamen satis acuti, qui verentur ne, si id non faciant, incidant in maiorem. Ex quo.', '2024-04-08 22:06:09', '2024-04-16 02:32:09'),
('97', '51', '2024-06-13', 'WFH', '2025-03-09 05:52:13', '2024-06-18 00:23:46', 'Itaque primos congressus copulationesque et consuetudinum instituendarum voluntates fieri propter voluptatem; quod vero securi percussit filium, privavisse se etiam videtur multis voluptatibus, cum ipsi naturae patrioque amori praetulerit ius maiestatis atque imperii. Quid? T. Torquatus, is qui consul cum Cn. Octavio fuit.', '2024-04-08 22:15:40', '2024-04-14 17:07:35'),
('98', '80', '2024-11-15', 'Leave', '2024-05-13 23:47:50', '2024-12-17 23:03:34', 'Ea ratio est, ut omne, quo offendimur, dolor, doloris omnis privatio recte nominata est voluptas. Ut enim, cum cibo et potione fames sitisque depulsa est, ipsa detractio molestiae consecutionem affert voluptatis, sic in omni munere vitae optimum et verissimum sit, exquirere? An, partus ancillae sitne in fructu habendus.', '2024-04-08 22:17:52', '2024-04-09 01:36:02'),
('99', '25', '2025-03-28', 'WFH', '2024-04-21 17:46:00', '2025-02-22 14:37:37', '-- ait enim declinare atomum sine causa; quo nihil turpius physico, quam fieri quicquam sine causa eripuit atomis nec tamen id, cuius causa haec finxerat, assecutus est. Nam.', '2024-04-08 22:22:01', '2024-04-11 23:39:44'),
('100', '63', '2024-09-29', 'Leave', '2024-08-30 04:45:14', '2025-03-06 00:28:31', 'Expectant, quae quia certa esse non possunt et, si essent vera, nihil.', '2024-04-08 22:29:48', '2024-04-15 11:56:39');


-- fabricate-flush

INSERT INTO "employees" ("employee_id", "name", "email", "team_id", "created_at", "updated_at", "role", "password_hash") VALUES
('1', 'Ignacio Krammer', 'ignacio.krammer@hotmail.com', '827', '2024-04-08 13:11:42', '2024-04-15 23:51:39', 'ADMIN', '$2b$12$zN4Kr1fcxzMufBqmfxej6.ssnXo.DdwPrdodA3XcaHamAS2MDQJH.'),
('2', 'Kenny Meekin', 'kenny.meekin@gmail.com', '891', '2024-04-08 13:15:52', '2024-04-09 04:04:05', 'ADMIN', '$2b$12$hqmxc8T3y81XH.j5A0C0RutEkCZWx2DwBZuZg58UFOK.ofE8HCZGu'),
('3', 'Meriel Cristofolo', 'meriel.cristofolo@live.com', '870', '2024-04-08 13:24:18', '2024-04-09 10:00:15', 'ADMIN', '$2b$12$wHJnoQIN46mtZv502izm7eAB.h9f/A/eF64nj7yTeyxdbzZJKQccC'),
('4', 'Agretha Demaid', 'agretha.demaid@yandex.ru', '855', '2024-04-08 13:27:08', '2024-04-16 13:48:01', 'ADMIN', '$2b$12$vFjeKqWLPnsCi25tRvpxjOdD28dwekKs/0ekX3r9/lJrGpml9g2H6'),
('5', 'Donnie Shufflebotham', 'donnie.shufflebotham@hotmail.com', '866', '2024-04-08 13:33:00', '2024-04-14 18:19:51', 'ADMIN', '$2b$12$uOH8el0eZ1rw2UohtgPPm.tl7P8oY8/0u39lqrVC.YeNOOFDrHK2K'),
('6', 'Courtney Hubert', 'courtney.hubert@gmail.com', '852', '2024-04-08 13:34:16', '2024-04-17 17:38:50', 'EMPLOYEE', '$2b$12$/16xDc65vvfb27kcdVv1ReCnl54A5mNU3q9ervV/42gOznqiyPOei'),
('7', 'Ogdan Spradbrow', 'ogdan.spradbrow@shaw.ca', '821', '2024-04-08 13:41:53', '2024-04-18 10:41:07', 'EMPLOYEE', '$2b$12$VAAp0iNgMvVfCHjoWhGiZuz46qzE8h7MgplQHkIbfoKbn80lOzHoi'),
('8', 'Junette Gonsalvez', 'junette.gonsalvez@hotmail.com', '909', '2024-04-08 13:50:14', '2024-04-18 01:08:18', 'EMPLOYEE', '$2b$12$bQ553lB2L9eLrho.WzE4guCMtZQfbRxb.Mt98UBZooiv2Z201M7Am'),
('9', 'Kippar Enocksson', 'kippar.enocksson@yahoo.com', '825', '2024-04-08 13:58:55', '2024-04-18 03:32:43', 'EMPLOYEE', '$2b$12$m7VCnRu/fb6uO1V.mH2lTOJ6gMuHFOeYctodWkuCF.Wu/WbrsYS7m'),
('10', 'Electra Bohin', 'electra.bohin@hotmail.fr', '836', '2024-04-08 14:01:12', '2024-04-18 01:52:46', 'EMPLOYEE', '$2b$12$XwyB.bM4mC.E8NXY2kOh6eXyaJ7YrwX1exCmEW.tEGfBSH700k4.G'),
('11', 'Northrop Wem', 'northrop.wem@yahoo.com', '896', '2024-04-08 14:03:18', '2024-04-13 06:13:53', 'EMPLOYEE', '$2b$12$UQVdCCuSlm9Ga/ygOrtQkuqfXNlSFfy6DTgCC1bRPrgLTiBHtxcMm'),
('12', 'Woodman Fallowfield', 'woodman.fallowfield@yahoo.com', '907', '2024-04-08 14:09:27', '2024-04-10 21:07:10', 'EMPLOYEE', '$2b$12$78pJdF1IeIiaJu5VsSA.GeN0.IKpavlgqNSkR2.sMD0wmlbRb.tB2'),
('13', 'Claudelle Drezzer', 'claudelle.drezzer@hotmail.com', '884', '2024-04-08 14:11:44', '2024-04-13 04:31:39', 'EMPLOYEE', '$2b$12$qYdLiUY5DkeJH/37MAC1UuCCa7kJNoUpAE9.Jz9uLmKlVKr5t6lo6'),
('14', 'Thea Sartain', 'thea.sartain@hotmail.de', '868', '2024-04-08 14:14:13', '2024-04-12 03:37:42', 'EMPLOYEE', '$2b$12$dkjIpSJruLXWb089H9aEKO/9y46HVoSJ3KWvDOVlYdVh3Gp.4EWSG'),
('15', 'Goldia Devo', 'goldia.devo@hotmail.fr', '849', '2024-04-08 14:18:41', '2024-04-14 22:15:32', 'EMPLOYEE', '$2b$12$aqo0mqwMwE0xbxQ3EB1LeuTvTwJkFu2lKA88PE.Bgaj9i7NNZxbUC'),
('16', 'Marika McCroft', 'marika.mccroft@gmail.com', '824', '2024-04-08 14:27:59', '2024-04-15 03:52:07', 'EMPLOYEE', '$2b$12$53rYbzvwHFa83gaRXIiP4OysVOXCRCEtqDkvVqzMODuN6.Kx8MsFS'),
('17', 'Ignacius Heffer', 'ignacius.heffer@yahoo.com.br', '4', '2024-04-08 14:31:34', '2024-04-15 16:49:20', 'EMPLOYEE', '$2b$12$MMgFhq03HWJVo.vjN8hGAe7oUmrfhu6KSqkq9ZK8pW/5RAWPR2wey'),
('18', 'Damara Linnemann', 'damara.linnemann@gmail.com', '871', '2024-04-08 14:32:35', '2024-04-13 03:53:51', 'EMPLOYEE', '$2b$12$cUtxeZOH33M6VjSy2a0Tj.muGkgb8Zpx5U7zvOaZYmFJXvkvRqeYu'),
('19', 'Charline Fosberry', 'charline.fosberry@hotmail.com', '864', '2024-04-08 14:41:13', '2024-04-08 19:35:06', 'EMPLOYEE', '$2b$12$mRVEHkEzGUERBMOIpyIfBOUehXHDRmN1dE/0.ZbBTC4h/XAyE6ucu'),
('20', 'Bibi Nielson', 'bibi.nielson@hotmail.com', '899', '2024-04-08 14:44:17', '2024-04-15 09:13:14', 'EMPLOYEE', '$2b$12$l/roBNumeGqiBzUrVDAYnenVMw1MMcOZt14OVZLpUN.Mh9V.qZf6W'),
('21', 'Alyce Pischoff', 'alyce.pischoff@yahoo.com', '842', '2024-04-08 14:50:20', '2024-04-17 05:07:52', 'EMPLOYEE', '$2b$12$3hU2Nunloe3bvdKyAWtZfOwj1B4316P1cuY8mSFsq/wPcR3vTRBA6'),
('22', 'Winny Kropp', 'winny.kropp@juno.com', '851', '2024-04-08 14:59:53', '2024-04-15 11:43:46', 'EMPLOYEE', '$2b$12$w1eOqgnvO9Jxmp6KNhoodOj/xvARbTnGzUdiqUPr1ahnqDGmmV6ku'),
('23', 'Warde Chopping', 'warde.chopping@gmail.com', '854', '2024-04-08 15:01:19', '2024-04-10 16:16:44', 'EMPLOYEE', '$2b$12$saS3cMRur.vhUoKodNBI5uZgXlBp.v6bRgy/hXbXPHYm6KjZRxyae'),
('24', 'Orelia Burkart', 'orelia.burkart@yahoo.com', '858', '2024-04-08 15:05:49', '2024-04-13 06:24:53', 'EMPLOYEE', '$2b$12$vl03paTKwErcXQ...EjPPuLsPhf8JiETQnAVknxKufI9zMpteG8Xi'),
('25', 'Joeann Scouler', 'joeann.scouler@hotmail.fr', '879', '2024-04-08 15:12:47', '2024-04-15 18:41:21', 'EMPLOYEE', '$2b$12$Mo5R81MeTL4bpBBnERzhsuz9DuaoJUNNRo20oi9IJZxJC4ghBagV2'),
('26', 'Jorey Sives', 'jorey.sives@gmail.com', '845', '2024-04-08 15:21:38', '2024-04-13 03:28:44', 'EMPLOYEE', '$2b$12$/IUC/mWIGxe7bzMEwLOozu3Z84ILb529E1xtk8hCbkz9AZ2HtyAqu'),
('27', 'Mahmoud Cristoforo', 'mahmoud.cristoforo@gmail.com', '830', '2024-04-08 15:23:20', '2024-04-16 14:19:23', 'EMPLOYEE', '$2b$12$UCoeu313rDD.oOH1ks0B8.Y/vpV5GNYU6xG2uIeNQfYNCbEU0qW.e'),
('28', 'Baldwin MacArdle', 'baldwin.macardle@hotmail.com', '905', '2024-04-08 15:27:12', '2024-04-15 20:28:50', 'EMPLOYEE', '$2b$12$o3ZfdPgHl4r8kPr/n7mGhuH1QEo1e.zAvENB9V1.WvC.UIQE3HqiO'),
('29', 'Bessy Leethem', 'bessy.leethem@hotmail.co.uk', '900', '2024-04-08 15:35:56', '2024-04-14 15:18:34', 'EMPLOYEE', '$2b$12$gu.iSfzD6ZsiYqKQDLX.d.fVY04zNsyEqmaiP0bnUi/wLSa83qEIi'),
('30', 'Alyda Johnsey', 'alyda.johnsey@gmail.com', '846', '2024-04-08 15:41:04', '2024-04-12 20:00:03', 'EMPLOYEE', '$2b$12$9rXxa806TJIM/HCV.10DmeSXRlY24dit04tpyUygMtxMRT9ty.Usm'),
('31', 'Batsheva Kingsly', 'batsheva.kingsly@yahoo.com', '834', '2024-04-08 15:43:29', '2024-04-11 22:09:28', 'EMPLOYEE', '$2b$12$3tiXP.YdbkgFAgm8haRrIOoNiblltp6RG.ZC7.ditvPEd1EKTfE5a'),
('32', 'Ynes Ingry', 'ynes.ingry@msn.com', '875', '2024-04-08 15:45:31', '2024-04-16 11:52:38', 'EMPLOYEE', '$2b$12$E6rm1P9q9mqzvXQY1VfLHeuBCEc8ciKDv0lt1DFrAeJWXOJcmA07u'),
('33', 'Walton Fathers', 'walton.fathers@rediffmail.com', '823', '2024-04-08 15:54:46', '2024-04-13 08:55:06', 'EMPLOYEE', '$2b$12$rglxOizMr7aTpvlgUaCfxelRm34IIjdPzzrYkIdKE9ec1J/U4aeSS'),
('34', 'Jsandye Bollins', 'jsandye.bollins@hotmail.com', '886', '2024-04-08 15:57:43', '2024-04-16 22:35:52', 'EMPLOYEE', '$2b$12$sa6M39nrN5Pb13vxo7JSd.AIHgWrxXFTRYb9BRLXuyXQZTkVglhUi'),
('35', 'Desirae Yeandel', 'desirae.yeandel@skynet.be', '840', '2024-04-08 16:06:34', '2024-04-09 23:19:17', 'EMPLOYEE', '$2b$12$.61lLxBnblPQxPW3WxNVSOZ3wzpwG6TV2Y8ugvdkyArLtiZyzvgqC'),
('36', 'Karim Tolcharde', 'karim.tolcharde@gmail.com', '848', '2024-04-08 16:10:07', '2024-04-18 14:27:31', 'EMPLOYEE', '$2b$12$qRrAIpOynNDQjwdxEi2RsOnnI7/84qPiijOw88mFjzoDeBWFinV9i'),
('37', 'Bianka Cluett', 'bianka.cluett@hotmail.com', '882', '2024-04-08 16:18:53', '2024-04-09 12:47:38', 'EMPLOYEE', '$2b$12$4WihODAIeZ1YJB0gTwmqp.IpcfzZNJNDARJGp7S/E3Ll70O0/2ZVW'),
('38', 'Darcy Harry', 'darcy.harry@gmail.com', '861', '2024-04-08 16:20:56', '2024-04-16 16:26:37', 'EMPLOYEE', '$2b$12$IPGHwF6/Kyv7/VFgScYX0e7oKQ0eFVuv.7hbIZJhmvmsFHGpjvdMe'),
('39', 'Tildie Eschelle', 'tildie.eschelle@yahoo.com', '853', '2024-04-08 16:28:26', '2024-04-09 11:37:48', 'EMPLOYEE', '$2b$12$4t.N3j0WmYIb8HcWlXVyVeA.m7IW3O.kcKOlD5ENQ68SImaAtBEk2'),
('40', 'Brig Stilgoe', 'brig.stilgoe@hotmail.com', '841', '2024-04-08 16:30:05', '2024-04-18 05:48:36', 'EMPLOYEE', '$2b$12$9BKSSOR6X0RtpbvKMkA5Y.sKOUNPC4vS6isWMnGSHaMlapeUfZv/W'),
('41', 'Claudie Cymper', 'claudie.cymper@yahoo.co.jp', '865', '2024-04-08 16:36:34', '2024-04-14 05:22:45', 'EMPLOYEE', '$2b$12$ye.HB/hGuzxmwaS5M.8Zv.EI2y1dWlG8SVYoHKdLY.kdqXwLRYADO'),
('42', 'Petunia Meth', 'petunia.meth@yahoo.com', '839', '2024-04-08 16:40:06', '2024-04-10 18:41:14', 'EMPLOYEE', '$2b$12$o5L7MmOsyyTb0V8.zfl/Kem2ubkykFtHp/oNuVcPk9p8PVoMn0jTu'),
('43', 'Devin Comizzoli', 'devin.comizzoli@hotmail.com', '7', '2024-04-08 16:49:24', '2024-04-13 00:42:34', 'EMPLOYEE', '$2b$12$SGiINQSapFXTPD5ajtMPZOPLx4oiOls/DT4fWZCpxSHp1XaYM9I8u'),
('44', 'Rosemary Mishow', 'rosemary.mishow@gmail.com', '876', '2024-04-08 16:52:22', '2024-04-09 23:57:40', 'EMPLOYEE', '$2b$12$VGhKwJ7qdHd3FXlN92HHQeJAVCvFyle7BGIUVG5R79lYgL0nvBD8C'),
('45', 'Eddie Kloser', 'eddie.kloser@hotmail.com', '41', '2024-04-08 16:56:59', '2024-04-12 01:30:26', 'EMPLOYEE', '$2b$12$TePJRRpxALm8Wx6R8DQpc.Fkb.Hac4Hpy7bZw8ikmo5PRR/.cP9x.'),
('46', 'Edsel Colquit', 'edsel.colquit@yahoo.com', '888', '2024-04-08 16:59:29', '2024-04-12 19:23:15', 'EMPLOYEE', '$2b$12$J0mGawyid1HBGnlXOtbQz.jyFd8EvwGm47Oy8A/rljsm834lqiAlm'),
('47', 'Benetta Petracco', 'benetta.petracco@yahoo.fr', '898', '2024-04-08 17:00:48', '2024-04-15 12:33:05', 'EMPLOYEE', '$2b$12$apT446IszGjhISDFwCRxFufkeqjZVYyIw6GR5M58xR41nKOVJaFD2'),
('48', 'Lowell Philipsson', 'lowell.philipsson@yahoo.com', '844', '2024-04-08 17:03:03', '2024-04-15 12:34:23', 'EMPLOYEE', '$2b$12$5Rk71c0e5PdDdbE7nzypZ.mr6iL6LmmXoZ9zFdv//ML4hf5XFCWni'),
('49', 'Koralle Coppins', 'koralle.coppins@aol.com', '862', '2024-04-08 17:13:01', '2024-04-17 17:08:05', 'EMPLOYEE', '$2b$12$.VfKsFH.YJIg.jbTBkYN0O7oq1MgnnHABUU8r7DAef.6bTVRZbNP6'),
('50', 'Tuesday Dargue', 'tuesday.dargue@msn.com', '883', '2024-04-08 17:14:37', '2024-04-10 23:45:54', 'EMPLOYEE', '$2b$12$lW7.79NfPzkGp2x4IQHBQeYVqerkp/PE.dpgp3mH52mlUp.5WRkeS'),
('51', 'Cherye Dubarry', 'cherye.dubarry@hotmail.com', '901', '2024-04-08 17:17:13', '2024-04-14 20:59:30', 'EMPLOYEE', '$2b$12$335nZUjGIGgzdLrHdHrJw.T.M5XxTfZSIqYFQixA/cb7Myg/ae7Z2'),
('52', 'Alfredo Auchterlony', 'alfredo.auchterlony@gmail.com', '889', '2024-04-08 17:26:57', '2024-04-09 07:57:07', 'EMPLOYEE', '$2b$12$lxEVBw9.3.lwDVqyEe5fuuko0i292agBbP/.v3n5ecbSx5Uj1BIOq'),
('53', 'Javier Kik', 'javier.kik@gmail.com', '887', '2024-04-08 17:36:53', '2024-04-11 01:28:36', 'EMPLOYEE', '$2b$12$Sz2Q.BC0fIFzfL2BdDKaSeekaEDWjrJM2jmYoupGAZZXS9Gkcc12m'),
('54', 'Nanni Silverman', 'nanni.silverman@yahoo.com', '859', '2024-04-08 17:43:18', '2024-04-12 19:21:44', 'EMPLOYEE', '$2b$12$S.BGXxXivStcJ8aeRyVzZubuHEMfdC2dl7l/oHRwxWy2K/NJA/r2q'),
('55', 'Vito Inkpen', 'vito.inkpen@yahoo.com', '833', '2024-04-08 17:48:44', '2024-04-14 15:35:08', 'EMPLOYEE', '$2b$12$9XxQBp92YzKXz7/H.n.UaOeBesGfcTcuClf306PXZCvclIOoqfM0e'),
('56', 'Maddi Gerhartz', 'maddi.gerhartz@mail.ru', '902', '2024-04-08 17:51:07', '2024-04-16 03:30:22', 'EMPLOYEE', '$2b$12$f8C9vDHpBj9sf4h5Q1yNQuM98q4CIwgELVz4iWWSNpu2yhY.rcZBG'),
('57', 'Mick Harrismith', 'mick.harrismith@hotmail.com', '857', '2024-04-08 17:59:44', '2024-04-16 21:16:15', 'EMPLOYEE', '$2b$12$HVAZmHlTIXkBT5Zlu/CXfeods./BHDKZUgAqXCJND8K1QkGIdYSrK'),
('58', 'Daffy Licciardi', 'daffy.licciardi@gmail.com', '880', '2024-04-08 18:04:21', '2024-04-12 16:14:17', 'EMPLOYEE', '$2b$12$Twkts..aU7oCiHo3NCcztuMonTeKpTja8wiQsBd/5o2lgjy0Xlw8e'),
('59', 'Derry Pidgin', 'derry.pidgin@hotmail.com', '850', '2024-04-08 18:06:48', '2024-04-17 06:30:26', 'EMPLOYEE', '$2b$12$7rPxaUtXQSH5kJW9ESXi/eg2LEhgrZulAnt5Pl3D2/eKMU1xdp1/.'),
('60', 'Danice Cornthwaite', 'danice.cornthwaite@yahoo.com', '877', '2024-04-08 18:14:38', '2024-04-14 09:17:51', 'EMPLOYEE', '$2b$12$3wCABjUYdooI/2exnDkVs.ba6dSSRf1Wo..IOqVYszQAyMRAPL1Wq'),
('61', 'Pooh De Winton', 'pooh.dewinton@sbcglobal.net', '908', '2024-04-08 18:16:42', '2024-04-10 07:30:36', 'EMPLOYEE', '$2b$12$wKOEcpqWwKSJXXOLfKJKVuF05lBcWfd4XpMKqlSueJeTcgIpmsxmK'),
('62', 'Mic Darlow', 'mic.darlow@sbcglobal.net', '843', '2024-04-08 18:24:46', '2024-04-12 11:46:16', 'EMPLOYEE', '$2b$12$0W/eZJw9fypwRD2U1GFY1u7lowWvxt6Uoj7VTdp/j7SzSTDf9rUke'),
('63', 'Ronica MacGilrewy', 'ronica.macgilrewy@hotmail.com', '835', '2024-04-08 18:31:41', '2024-04-18 01:03:15', 'EMPLOYEE', '$2b$12$2/5ObL8WfcRXA3eKm2TuyObiHmqmeoHrwRQuSazG88EEDYHhDlXYS'),
('64', 'Estella Werndley', 'estella.werndley@aol.com', '856', '2024-04-08 18:36:14', '2024-04-18 18:10:09', 'EMPLOYEE', '$2b$12$fwkGBy6z5tdQ7qeIWVC9UuxlFoaNDp1rjAHyU63aQx1J5DGJKSB26'),
('65', 'Lotta Beamont', 'lotta.beamont@hotmail.com', '895', '2024-04-08 18:38:21', '2024-04-15 15:03:44', 'EMPLOYEE', '$2b$12$Y2WbFWbiNm2uPlag9iQequpcoACSPF1D1DS4Lpy57nrZdP2D944j.'),
('66', 'Harlie Guymer', 'harlie.guymer@gmail.com', '878', '2024-04-08 18:41:29', '2024-04-09 15:04:28', 'EMPLOYEE', '$2b$12$lTODde93qcpddcRwEJf8QeIo8fsDLqrGBmVRp49WKWQhim6Ic8Uxq'),
('67', 'Alexandra Linton', 'alexandra.linton@hotmail.com', '3', '2024-04-08 18:45:20', '2024-04-18 06:44:51', 'EMPLOYEE', '$2b$12$JH2MJSN7Ur7dRBSosnqJiuAbu/uJSvjr87a6xjpsRdXj9QB4whzr.'),
('68', 'Augustine Styles', 'augustine.styles@hotmail.com', '847', '2024-04-08 18:51:20', '2024-04-12 09:34:35', 'EMPLOYEE', '$2b$12$auZhDXlUhgrVtd.YRC4it.1KQwJTQMa8BP2CwDtvezBgw9kCY5Qyq'),
('69', 'Angie Brackpool', 'angie.brackpool@yahoo.com', '892', '2024-04-08 18:52:43', '2024-04-17 03:43:15', 'EMPLOYEE', '$2b$12$B/RcpvP4fCLjB4hxAvwaQuhxzQWzob/b4sLb5yxcMXNifQ40wUq0i'),
('70', 'Rahel Manser', 'rahel.manser@freenet.de', '829', '2024-04-08 19:01:16', '2024-04-15 18:20:07', 'EMPLOYEE', '$2b$12$J7roLGnSp/.RvDlsDKCHTevJh7v6fq0KMHPZJ90cCDOPldOAVYeN6'),
('71', 'Arlinda Toffolini', 'arlinda.toffolini@rediffmail.com', '904', '2024-04-08 19:08:39', '2024-04-09 13:58:25', 'EMPLOYEE', '$2b$12$CSYn40VtP6xycuzx879pie37wOrg2zptWvTyN1Nxm7DKPl4RQLO/W'),
('72', 'Remy Derill', 'remy.derill@hotmail.fr', '863', '2024-04-08 19:16:17', '2024-04-12 05:25:38', 'EMPLOYEE', '$2b$12$kYKk6QkFhnMSP6CX6CwRJeOjuRKiuZWyZh/.ESRm2ZgQar7kECKrS'),
('73', 'Faythe Brumpton', 'faythe.brumpton@yahoo.com', '869', '2024-04-08 19:25:40', '2024-04-09 19:05:12', 'EMPLOYEE', '$2b$12$B3Jifnctt4bzTKV./8A9DOIsV1CpS/BnxoHzmpRwDKaFT2qkg867.'),
('74', 'Farrah Raspin', 'farrah.raspin@hotmail.com', '903', '2024-04-08 19:30:18', '2024-04-18 04:59:04', 'EMPLOYEE', '$2b$12$Vfg0LtkVdY3vtUpTt6aEcOgtz7TqpXiMWUj/oS6tAt6BukaGnhsAC'),
('75', 'Darci Dyson', 'darci.dyson@live.fr', '867', '2024-04-08 19:31:54', '2024-04-14 02:42:29', 'EMPLOYEE', '$2b$12$HgIp8AfWQh9s4U1Fx40AbOWgYTqzBqcBWMpYTcIzXBxTReBMx.g1K'),
('76', 'Tove Keogh', 'tove.keogh@gmail.com', '832', '2024-04-08 19:41:17', '2024-04-12 16:50:50', 'EMPLOYEE', '$2b$12$ggza7UgTvRREBH3V8Wcs6O55iva2hywGers4PVIcvOf925YLJ3DlC'),
('77', 'Milzie Notman', 'milzie.notman@gmail.com', '897', '2024-04-08 19:42:27', '2024-04-16 12:51:08', 'EMPLOYEE', '$2b$12$qi3bT82enQhlH0OyvQmxgOsqGAUioRfLK5Lf4x7/LR9Ac9ldpl0/W'),
('78', 'Clarence Drable', 'clarence.drable@hotmail.com', '873', '2024-04-08 19:45:22', '2024-04-10 08:08:29', 'EMPLOYEE', '$2b$12$8GLY5/Bo8Thi3PJMOVMQq.qt82bESfTB3kglYQZQBB9kMrafKGiF2'),
('79', 'Evelyn Widdop', 'evelyn.widdop@ymail.com', '860', '2024-04-08 19:49:58', '2024-04-15 08:57:30', 'EMPLOYEE', '$2b$12$HeWc3mcKJp7ZvElqz55pp.pecHX8ESL5PkYkNhlIaWsUjk3MD8uH6'),
('80', 'Leo Lermouth', 'leo.lermouth@hotmail.com', '874', '2024-04-08 19:59:23', '2024-04-12 01:31:22', 'EMPLOYEE', '$2b$12$.ptyx10XRKgpXe4jsRkdTOQnaiFjfNyU9LZ/lyJpdreIEyhfkrjry'),
('81', 'Margaux Landeg', 'margaux.landeg@yahoo.com', '837', '2024-04-08 20:08:02', '2024-04-10 19:29:41', 'EMPLOYEE', '$2b$12$CtddTgkPjfAtcxpq0eAdLuCh39oFqxnK9Eqgd2jNRH1G4.MnVrFXi'),
('82', 'Carlynn Hymus', 'carlynn.hymus@yahoo.com', '906', '2024-04-08 20:13:24', '2024-04-16 05:32:07', 'EMPLOYEE', '$2b$12$.Uj9Twh.CFy4p1CL9twYE.UdzqJSv7Duw9y8f0B4G2YZetTRYu0TC'),
('83', 'Rosabel Dadswell', 'rosabel.dadswell@hotmail.com', '1', '2024-04-08 20:15:25', '2024-04-15 03:35:09', 'EMPLOYEE', '$2b$12$fO0nS4OhclaCkhU3BmU7OekCt0r9CCpfvJ4Hgq7ZzOkkEpM9xPiSW'),
('84', 'Terra Soldi', 'terra.soldi@yahoo.com', '828', '2024-04-08 20:16:30', '2024-04-14 19:20:48', 'EMPLOYEE', '$2b$12$YLk361JQ9p1tjqOYTaAgbeZ1qilPqx4YtH5/mpNzgiKzrq73KZlHy'),
('85', 'Georges Fromont', 'georges.fromont@gmail.com', '11', '2024-04-08 20:18:29', '2024-04-18 01:04:52', 'EMPLOYEE', '$2b$12$2xIkt9svYOruHZN1oBIKCuZxhfr29cvNvYmNdXuiH/HqHLb4dYdc6'),
('86', 'Shelbi Brugmann', 'shelbi.brugmann@yahoo.com', '6', '2024-04-08 20:20:34', '2024-04-15 17:53:24', 'EMPLOYEE', '$2b$12$JsRuZtM3pPwrQq/H0JTEiOlqP6litRZB0Ud9xVFtF1KipQOe8DUe2'),
('87', 'Gertrud Harbor', 'gertrud.harbor@gmail.com', '21', '2024-04-08 20:23:49', '2024-04-14 09:11:14', 'EMPLOYEE', '$2b$12$LDF4QmAeoha5XiqQn8P29uwA8yXnQv7d.sZE8A6PFycYFu5R7GD4e'),
('88', 'Avigdor Tampin', 'avigdor.tampin@yahoo.com', '881', '2024-04-08 20:26:24', '2024-04-14 22:07:06', 'EMPLOYEE', '$2b$12$qQKnhlz.mb3JEjiD5zZ7zOQ9gG7En.JUuEIv4Q25tNyrU29GUAlQS'),
('89', 'Gabrielle Earley', 'gabrielle.earley@yahoo.com', '910', '2024-04-08 20:28:08', '2024-04-17 21:05:56', 'EMPLOYEE', '$2b$12$aByi5TJhRSBbFOkUBx0vhOQGNbLlZhBLFaVBI1yGSuKRa/0m3dxGa'),
('90', 'Nero Keddey', 'nero.keddey@gmail.com', '890', '2024-04-08 20:29:13', '2024-04-14 23:34:24', 'EMPLOYEE', '$2b$12$1dkfTUmECocqwMkeqPZ94eBshc.8K0oIsRX2QARjVTpaAW8FLhsLC'),
('91', 'Zolly Loveard', 'zolly.loveard@hotmail.com', '885', '2024-04-08 20:32:45', '2024-04-16 16:56:21', 'EMPLOYEE', '$2b$12$dYRWKGgiQY5QccT6DE.UOuTyVYiVgdzFwIe8OiB16j2kGDYKYGPjG'),
('92', 'Alethea MacCartney', 'alethea.maccartney@hotmail.com', '872', '2024-04-08 20:40:52', '2024-04-15 16:52:59', 'EMPLOYEE', '$2b$12$S9RNcIveOcWuCSKqr5lcH.Z6D.hdH6oJ90skA/PQ.JZ1xlU3c2ydu'),
('93', 'Esther Elvy', 'esther.elvy@gmail.com', '15', '2024-04-08 20:41:58', '2024-04-17 22:47:25', 'EMPLOYEE', '$2b$12$E83DEK4TXw4EPo01xbUEsOTkmbkPrpi4MKoI6ILkOQMj9.bH.VxIi'),
('94', 'Frankie Swainsbury', 'frankie.swainsbury@att.net', '894', '2024-04-08 20:48:26', '2024-04-17 21:26:29', 'EMPLOYEE', '$2b$12$3tw71Y4kraP1DgC0euM0DOgKmakeQjIinF.rVj89SO4ZpfYDgJGtO'),
('95', 'Richmond Thorius', 'richmond.thorius@yahoo.com', '822', '2024-04-08 20:56:55', '2024-04-14 05:14:48', 'EMPLOYEE', '$2b$12$9NmFb3Wslq1oddQEkXqO2emEqC0hG/toPvK8xEswVT0eNvHM3ka5i'),
('96', 'Winny Eaden', 'winny.eaden@gmail.com', '826', '2024-04-08 20:58:03', '2024-04-16 00:27:17', 'EMPLOYEE', '$2b$12$5jmjZYkjb2QaNo0y.xf7Ee2tqlbT2pyCjijomwIR5qdQmP6ncVd52'),
('97', 'Jerald Thiolier', 'jerald.thiolier@gmail.com', '838', '2024-04-08 21:02:00', '2024-04-17 11:11:17', 'EMPLOYEE', '$2b$12$KfI9fviLMoPJjbf/o4CPt.mWGH0mO1ykDjfAhtvsGEvVAwlHddb8i'),
('98', 'Ashla Tidman', 'ashla.tidman@hotmail.com', '38', '2024-04-08 21:04:00', '2024-04-09 13:54:49', 'EMPLOYEE', '$2b$12$TNpwsMtLzhePngBVXnz3eOK6QtuwFR/ZxnrbhXbmoNDB11jc29OXq'),
('99', 'Pete Medford', 'pete.medford@yahoo.com', '831', '2024-04-08 21:13:54', '2024-04-15 17:44:04', 'EMPLOYEE', '$2b$12$DSa0LMvWYktK0ZKfbRZs1ONzDX.q.mOD5K1aoZcoeIOMu5afyk/uG'),
('100', 'Owen Burnep', 'owen.burnep@gmail.com', '893', '2024-04-08 21:21:35', '2024-04-11 17:34:03', 'EMPLOYEE', '$2b$12$sdUTqDTGG4Cl8ayHd5EGjOOTj/zAcSxjv.NtarFu97K1IvYrJVXIG');


-- fabricate-flush


INSERT INTO "teams" ("team_id", "team_name", "created_at", "updated_at") VALUES
('1', 'Team Alpha 1', '2024-04-08 13:11:42', '2024-04-13 18:29:41'),
('3', 'Team Beta 2', '2024-04-08 13:17:10', '2024-04-17 23:03:02'),
('4', 'Team Gamma 3', '2024-04-08 13:22:52', '2024-04-16 01:10:05'),
('6', 'Team Delta 4', '2024-04-08 13:26:12', '2024-04-17 08:02:13'),
('7', 'Team Epsilon 5', '2024-04-08 13:29:56', '2024-04-15 08:02:28'),
('11', 'Team Zeta 6', '2024-04-08 13:32:11', '2024-04-18 08:35:55'),
('15', 'Team Eta 7', '2024-04-08 13:40:16', '2024-04-09 20:57:27'),
('21', 'Team Theta 8', '2024-04-08 13:41:42', '2024-04-09 07:40:44'),
('38', 'Team Iota 9', '2024-04-08 13:42:54', '2024-04-09 11:03:29'),
('41', 'Team Kappa 10', '2024-04-08 13:50:02', '2024-04-17 01:40:38'),
('821', 'Team Lambda 11', '2024-04-08 13:53:57', '2024-04-18 11:28:52'),
('822', 'Team Mu 12', '2024-04-08 14:02:42', '2024-04-13 22:07:40'),
('823', 'Team Nu 13', '2024-04-08 14:07:07', '2024-04-12 10:07:53'),
('824', 'Team Xi 14', '2024-04-08 14:12:07', '2024-04-13 23:39:27'),
('825', 'Team Omicron 15', '2024-04-08 14:19:10', '2024-04-11 09:48:40'),
('826', 'Team Pi 16', '2024-04-08 14:28:28', '2024-04-08 19:58:38'),
('827', 'Team Rho 17', '2024-04-08 14:37:11', '2024-04-16 06:37:02'),
('828', 'Team Sigma 18', '2024-04-08 14:46:52', '2024-04-16 19:28:22'),
('829', 'Team Tau 19', '2024-04-08 14:55:40', '2024-04-09 22:28:39'),
('830', 'Team Upsilon 20', '2024-04-08 15:04:06', '2024-04-13 01:47:08'),
('831', 'Team Phi 21', '2024-04-08 15:08:30', '2024-04-11 21:22:04'),
('832', 'Team Chi 22', '2024-04-08 15:12:41', '2024-04-14 21:51:55'),
('833', 'Team Psi 23', '2024-04-08 15:16:17', '2024-04-17 15:04:40'),
('834', 'Team Omega 24', '2024-04-08 15:21:06', '2024-04-14 00:12:05'),
('835', 'United Front 25', '2024-04-08 15:27:22', '2024-04-14 21:38:00'),
('836', 'Vanguard Squad 26', '2024-04-08 15:34:49', '2024-04-09 03:07:32'),
('837', 'Elite Force 27', '2024-04-08 15:44:45', '2024-04-14 10:06:19'),
('838', 'Shadow Wolves 28', '2024-04-08 15:49:27', '2024-04-13 03:44:30'),
('839', 'Mystic Dragons 29', '2024-04-08 15:58:03', '2024-04-14 20:25:58'),
('840', 'Galactic Empire 30', '2024-04-08 16:06:46', '2024-04-17 08:03:56'),
('841', 'Solar Flares 31', '2024-04-08 16:11:55', '2024-04-13 21:57:06'),
('842', 'Lunar Eclipse 32', '2024-04-08 16:17:02', '2024-04-14 01:40:41'),
('843', 'Cosmic Rays 33', '2024-04-08 16:23:03', '2024-04-17 06:22:11'),
('844', 'Nebula Knights 34', '2024-04-08 16:27:11', '2024-04-17 13:08:18'),
('845', 'Stellar Phantoms 35', '2024-04-08 16:36:19', '2024-04-16 05:07:15'),
('846', 'Asteroid Miners 36', '2024-04-08 16:44:41', '2024-04-17 12:04:34'),
('847', 'Quantum Leaps 37', '2024-04-08 16:49:32', '2024-04-12 12:03:13'),
('848', 'Digital Nomads 38', '2024-04-08 16:53:27', '2024-04-09 20:00:25'),
('849', 'Binary Beasts 39', '2024-04-08 16:56:49', '2024-04-09 21:12:03'),
('850', 'Silicon Saviors 40', '2024-04-08 17:05:27', '2024-04-16 04:39:45'),
('851', 'Pixel Pushers 41', '2024-04-08 17:08:40', '2024-04-12 18:31:16'),
('852', 'Algorithmic Aces 42', '2024-04-08 17:18:16', '2024-04-18 04:03:09'),
('853', 'Data Demons 43', '2024-04-08 17:22:49', '2024-04-13 06:40:49'),
('854', 'Cyber Ninjas 44', '2024-04-08 17:32:48', '2024-04-09 06:30:40'),
('855', 'Virtual Vikings 45', '2024-04-08 17:39:11', '2024-04-15 01:24:30'),
('856', 'Augmented Avengers 46', '2024-04-08 17:47:03', '2024-04-09 15:01:30'),
('857', 'Robotic Rangers 47', '2024-04-08 17:55:25', '2024-04-10 05:15:47'),
('858', 'Mechanical Mavericks 48', '2024-04-08 18:03:25', '2024-04-14 05:44:31'),
('859', 'Artificial Alchemists 49', '2024-04-08 18:10:31', '2024-04-10 09:27:53'),
('860', 'Synthetic Sentinels 50', '2024-04-08 18:20:16', '2024-04-13 01:44:10'),
('861', 'The Mavericks 51', '2024-04-08 18:29:43', '2024-04-09 20:29:57'),
('862', 'The Renegades 52', '2024-04-08 18:37:34', '2024-04-11 23:22:56'),
('863', 'The Outcasts 53', '2024-04-08 18:39:58', '2024-04-16 19:01:00'),
('864', 'The Misfits 54', '2024-04-08 18:46:56', '2024-04-12 11:14:28'),
('865', 'The Unstoppables 55', '2024-04-08 18:55:55', '2024-04-17 12:37:44'),
('866', 'The Invincibles 56', '2024-04-08 18:59:23', '2024-04-17 08:48:43'),
('867', 'The Titans 57', '2024-04-08 19:08:56', '2024-04-17 07:32:24'),
('868', 'The Legends 58', '2024-04-08 19:18:37', '2024-04-13 13:42:39'),
('869', 'The Gladiators 59', '2024-04-08 19:24:30', '2024-04-09 07:34:08'),
('870', 'The Spartans 60', '2024-04-08 19:26:33', '2024-04-10 09:31:55'),
('871', 'The Centurions 61', '2024-04-08 19:33:42', '2024-04-09 01:09:07'),
('872', 'The Vikings 62', '2024-04-08 19:36:49', '2024-04-10 23:53:34'),
('873', 'The Samurai 63', '2024-04-08 19:38:18', '2024-04-18 00:39:29'),
('874', 'The Knights 64', '2024-04-08 19:45:07', '2024-04-18 09:41:29'),
('875', 'The Musketeers 65', '2024-04-08 19:48:43', '2024-04-15 05:09:20'),
('876', 'The Cavaliers 66', '2024-04-08 19:57:14', '2024-04-15 09:03:32'),
('877', 'The Buccaneers 67', '2024-04-08 20:06:27', '2024-04-17 17:05:44'),
('878', 'The Pirates 68', '2024-04-08 20:13:55', '2024-04-15 10:25:21'),
('879', 'The Corsairs 69', '2024-04-08 20:22:40', '2024-04-11 05:41:53'),
('880', 'The Marauders 70', '2024-04-08 20:25:38', '2024-04-16 22:00:12'),
('881', 'Black Magic 71', '2024-04-08 20:30:06', '2024-04-17 19:16:41'),
('882', 'Dark Horizons 72', '2024-04-08 20:39:18', '2024-04-16 15:08:23'),
('883', 'Neon Dreams 73', '2024-04-08 20:44:32', '2024-04-16 11:12:34'),
('884', 'Crimson Tides 74', '2024-04-08 20:49:28', '2024-04-16 06:05:20'),
('885', 'Silver Linings 75', '2024-04-08 20:52:02', '2024-04-17 20:04:21'),
('886', 'Emerald Knights 76', '2024-04-08 20:56:37', '2024-04-14 13:56:23'),
('887', 'Golden Parachutes 77', '2024-04-08 20:58:34', '2024-04-13 06:22:35'),
('888', 'Azure Skies 78', '2024-04-08 21:05:46', '2024-04-18 17:38:27'),
('889', 'Violet Shadows 79', '2024-04-08 21:08:30', '2024-04-10 15:17:37'),
('890', 'Rainbow Warriors 80', '2024-04-08 21:16:36', '2024-04-17 09:39:43'),
('891', 'The Martians 81', '2024-04-08 21:24:19', '2024-04-16 02:44:54'),
('892', 'The Venusians 82', '2024-04-08 21:25:38', '2024-04-13 18:17:59'),
('893', 'The Jupiterians 83', '2024-04-08 21:33:55', '2024-04-08 23:23:18'),
('894', 'The Saturnians 84', '2024-04-08 21:39:20', '2024-04-17 11:07:24'),
('895', 'The Plutonians 85', '2024-04-08 21:44:41', '2024-04-18 16:42:21'),
('896', 'The Celestials 86', '2024-04-08 21:54:08', '2024-04-13 05:34:42'),
('897', 'The Supernovas 87', '2024-04-08 22:00:06', '2024-04-18 06:02:25'),
('898', 'The Galaxies 88', '2024-04-08 22:09:05', '2024-04-10 08:26:53'),
('899', 'The Constellations 89', '2024-04-08 22:11:53', '2024-04-11 17:53:37'),
('900', 'The Cosmos 90', '2024-04-08 22:16:23', '2024-04-16 15:58:55'),
('901', 'Renegade Squadron 91', '2024-04-08 22:21:29', '2024-04-13 05:38:42'),
('902', 'Phantom Brigade 92', '2024-04-08 22:26:05', '2024-04-10 14:56:24'),
('903', 'Shadow Syndicate 93', '2024-04-08 22:34:14', '2024-04-11 07:46:15'),
('904', 'Mystic Alliance 94', '2024-04-08 22:35:47', '2024-04-18 19:12:15'),
('905', 'Elite Vanguard 95', '2024-04-08 22:44:07', '2024-04-18 21:05:56'),
('906', 'Celestial Guard 96', '2024-04-08 22:53:25', '2024-04-10 19:27:22'),
('907', 'Astral Avengers 97', '2024-04-08 22:56:57', '2024-04-15 11:01:47'),
('908', 'Galactic Enforcers 98', '2024-04-08 23:02:44', '2024-04-14 14:45:37'),
('909', 'Cosmic Crusaders 99', '2024-04-08 23:08:03', '2024-04-16 12:27:36'),
('910', 'Quantum Guardians 100', '2024-04-08 23:14:04', '2024-04-17 10:47:23');


-- fabricate-flush


SET session_replication_role = 'origin';
